{
  "name": "France",
  "prefix": "FR",
  "label": "All France regions",
  "values": {
    
    "ALS": "Alsace",
    "AQU": "Aquitaine",
    "AUV": "Auvergne",
    "BOU": "Bourgogne",
    "BRE": "Bretagne",
    "CEN": "Centre",
    "CHA": "Champagne-Ardenne",
    "COR": "Corse",
    "FRC": "Franche-Comté",
    "IDF": "Île-de-France",
    "LAN": "Languedoc-Roussillon",
    "LIM": "Limousin",
    "LOR": "Lorraine",
    "MID": "Midi-Pyrénées",
    "NPC": "Nord-Pas-de-Calais",
    "BNO": "Basse-Normandie",
    "HNO": "Haute-Normandie",
    "PDL": "Pays-de-la-Loire",
    "PIC": "Picardie",
    "POI": "Poitou-Charentes",
    "PAC": "Provence-Alpes-Côte d'Azur",
    "RHA": "Rhône-Alpes"
  }
}